[
  { "long": 139.6917, "lat": 35.6895, "value": 32.5 },
  { "long": 139.7000, "lat": 35.6800, "value": 31.0 },
  { "long": 139.7100, "lat": 35.6900, "value": 30.2 },
  { "long": 139.7200, "lat": 35.6950, "value": 33.1 },
  { "long": 139.7300, "lat": 35.7000, "value": 34.5 },
  { "long": 139.7400, "lat": 35.7100, "value": 32.8 },
  { "long": 139.7500, "lat": 35.7200, "value": 29.9 },
  { "long": 139.7600, "lat": 35.7300, "value": 28.5 },
  { "long": 139.7700, "lat": 35.7400, "value": 30.8 },
  { "long": 139.7800, "lat": 35.7500, "value": 31.7 }
]
